{
    "status": "success",
    "country_codes": [
        {
            "countryid": "1",
            "name": "Afghanistan",
            "iso": "AFG"
        },
        {
            "countryid": "2",
            "name": "Albania",
            "iso": "ALB"
        },
        {
            "countryid": "3",
            "name": "Antarctica",
            "iso": "ATA"
        },
        {
            "countryid": "4",
            "name": "Algeria",
            "iso": "DZA"
        },
        {
            "countryid": "5",
            "name": "American Samoa",
            "iso": "ASM"
        },
        {
            "countryid": "6",
            "name": "Andorra",
            "iso": "AND"
        },
        {
            "countryid": "7",
            "name": "Angola",
            "iso": "AGO"
        },
        {
            "countryid": "8",
            "name": "Antigua and Barbuda",
            "iso": "ATG"
        },
        {
            "countryid": "9",
            "name": "Azerbaijan",
            "iso": "AZE"
        },
        {
            "countryid": "10",
            "name": "Argentina",
            "iso": "ARG"
        },
        {
            "countryid": "11",
            "name": "Australia",
            "iso": "AUS"
        },
        {
            "countryid": "12",
            "name": "Austria",
            "iso": "AUT"
        },
        {
            "countryid": "13",
            "name": "Bahamas",
            "iso": "BHS"
        },
        {
            "countryid": "14",
            "name": "Bahrain",
            "iso": "BHR"
        },
        {
            "countryid": "15",
            "name": "Bangladesh",
            "iso": "BGD"
        },
        {
            "countryid": "16",
            "name": "Armenia",
            "iso": "ARM"
        },
        {
            "countryid": "17",
            "name": "Barbados",
            "iso": "BRB"
        },
        {
            "countryid": "18",
            "name": "Belgium",
            "iso": "BEL"
        },
        {
            "countryid": "19",
            "name": "Bermuda",
            "iso": "BMU"
        },
        {
            "countryid": "20",
            "name": "Bhutan",
            "iso": "BTN"
        },
        {
            "countryid": "21",
            "name": "Bolivia (Plurinational State of)",
            "iso": "BOL"
        },
        {
            "countryid": "22",
            "name": "Bosnia and Herzegovina",
            "iso": "BIH"
        },
        {
            "countryid": "23",
            "name": "Botswana",
            "iso": "BWA"
        },
        {
            "countryid": "24",
            "name": "Bouvet Island",
            "iso": "BVT"
        },
        {
            "countryid": "25",
            "name": "Brazil",
            "iso": "BRA"
        },
        {
            "countryid": "26",
            "name": "Belize",
            "iso": "BLZ"
        },
        {
            "countryid": "27",
            "name": "Chagos Archipelago",
            "iso": "IOT"
        },
        {
            "countryid": "28",
            "name": "Solomon Islands",
            "iso": "SLB"
        },
        {
            "countryid": "29",
            "name": "British Virgin Islands",
            "iso": "VGB"
        },
        {
            "countryid": "30",
            "name": "Brunei Darussalam",
            "iso": "BRN"
        },
        {
            "countryid": "31",
            "name": "Bulgaria",
            "iso": "BGR"
        },
        {
            "countryid": "32",
            "name": "Myanmar",
            "iso": "MMR"
        },
        {
            "countryid": "33",
            "name": "Burundi",
            "iso": "BDI"
        },
        {
            "countryid": "34",
            "name": "Belarus",
            "iso": "BLR"
        },
        {
            "countryid": "35",
            "name": "Cambodia",
            "iso": "KHM"
        },
        {
            "countryid": "36",
            "name": "Cameroon",
            "iso": "CMR"
        },
        {
            "countryid": "37",
            "name": "Canada",
            "iso": "CAN"
        },
        {
            "countryid": "38",
            "name": "Cabo Verde",
            "iso": "CPV"
        },
        {
            "countryid": "39",
            "name": "Cayman Islands",
            "iso": "CYM"
        },
        {
            "countryid": "40",
            "name": "Central African Republic",
            "iso": "CAF"
        },
        {
            "countryid": "41",
            "name": "Sri Lanka",
            "iso": "LKA"
        },
        {
            "countryid": "42",
            "name": "Chad",
            "iso": "TCD"
        },
        {
            "countryid": "43",
            "name": "Chile",
            "iso": "CHL"
        },
        {
            "countryid": "44",
            "name": "China",
            "iso": "CHN"
        },
        {
            "countryid": "45",
            "name": "Taiwan, Province of China",
            "iso": "TWN"
        },
        {
            "countryid": "46",
            "name": "Christmas Island",
            "iso": "CXR"
        },
        {
            "countryid": "47",
            "name": "Cocos (Keeling) Islands",
            "iso": "CCK"
        },
        {
            "countryid": "48",
            "name": "Colombia",
            "iso": "COL"
        },
        {
            "countryid": "49",
            "name": "Comoros",
            "iso": "COM"
        },
        {
            "countryid": "50",
            "name": "Mayotte",
            "iso": "MYT"
        },
        {
            "countryid": "51",
            "name": "Congo",
            "iso": "COG"
        },
        {
            "countryid": "52",
            "name": "Democratic Republic of the Congo",
            "iso": "COD"
        },
        {
            "countryid": "53",
            "name": "Cook Islands",
            "iso": "COK"
        },
        {
            "countryid": "54",
            "name": "Costa Rica",
            "iso": "CRI"
        },
        {
            "countryid": "55",
            "name": "Croatia",
            "iso": "HRV"
        },
        {
            "countryid": "56",
            "name": "Cuba",
            "iso": "CUB"
        },
        {
            "countryid": "57",
            "name": "Cyprus",
            "iso": "CYP"
        },
        {
            "countryid": "58",
            "name": "Czechia",
            "iso": "CZE"
        },
        {
            "countryid": "59",
            "name": "Benin",
            "iso": "BEN"
        },
        {
            "countryid": "60",
            "name": "Denmark",
            "iso": "DNK"
        },
        {
            "countryid": "61",
            "name": "Dominica",
            "iso": "DMA"
        },
        {
            "countryid": "62",
            "name": "Dominican Republic",
            "iso": "DOM"
        },
        {
            "countryid": "63",
            "name": "Ecuador",
            "iso": "ECU"
        },
        {
            "countryid": "64",
            "name": "El Salvador",
            "iso": "SLV"
        },
        {
            "countryid": "65",
            "name": "Equatorial Guinea",
            "iso": "GNQ"
        },
        {
            "countryid": "66",
            "name": "Ethiopia",
            "iso": "ETH"
        },
        {
            "countryid": "67",
            "name": "Eritrea",
            "iso": "ERI"
        },
        {
            "countryid": "68",
            "name": "Estonia",
            "iso": "EST"
        },
        {
            "countryid": "69",
            "name": "Faroe Islands",
            "iso": "FRO"
        },
        {
            "countryid": "70",
            "name": "Falkland Islands (Malvinas)",
            "iso": "FLK"
        },
        {
            "countryid": "71",
            "name": "South Georgia and the South Sandwich Islands",
            "iso": "SGS"
        },
        {
            "countryid": "72",
            "name": "Fiji",
            "iso": "FJI"
        },
        {
            "countryid": "73",
            "name": "Finland",
            "iso": "FIN"
        },
        {
            "countryid": "75",
            "name": "France",
            "iso": "FRA"
        },
        {
            "countryid": "76",
            "name": "French Guiana",
            "iso": "GUF"
        },
        {
            "countryid": "77",
            "name": "French Polynesia",
            "iso": "PYF"
        },
        {
            "countryid": "78",
            "name": "French Southern Territories",
            "iso": "ATF"
        },
        {
            "countryid": "79",
            "name": "Djibouti",
            "iso": "DJI"
        },
        {
            "countryid": "80",
            "name": "Gabon",
            "iso": "GAB"
        },
        {
            "countryid": "81",
            "name": "Georgia",
            "iso": "GEO"
        },
        {
            "countryid": "82",
            "name": "Gambia",
            "iso": "GMB"
        },
        {
            "countryid": "83",
            "name": "Palestine",
            "iso": "PSE"
        },
        {
            "countryid": "84",
            "name": "Germany",
            "iso": "DEU"
        },
        {
            "countryid": "85",
            "name": "Ghana",
            "iso": "GHA"
        },
        {
            "countryid": "86",
            "name": "Gibraltar",
            "iso": "GIB"
        },
        {
            "countryid": "87",
            "name": "Kiribati",
            "iso": "KIR"
        },
        {
            "countryid": "88",
            "name": "Greece",
            "iso": "GRC"
        },
        {
            "countryid": "89",
            "name": "Greenland",
            "iso": "GRL"
        },
        {
            "countryid": "90",
            "name": "Grenada",
            "iso": "GRD"
        },
        {
            "countryid": "91",
            "name": "Guadeloupe",
            "iso": "GLP"
        },
        {
            "countryid": "92",
            "name": "Guam",
            "iso": "GUM"
        },
        {
            "countryid": "93",
            "name": "Guatemala",
            "iso": "GTM"
        },
        {
            "countryid": "94",
            "name": "Guinea",
            "iso": "GIN"
        },
        {
            "countryid": "95",
            "name": "Guyana",
            "iso": "GUY"
        },
        {
            "countryid": "96",
            "name": "Haiti",
            "iso": "HTI"
        },
        {
            "countryid": "97",
            "name": "Heard Island and McDonald Islands",
            "iso": "HMD"
        },
        {
            "countryid": "98",
            "name": "Holy See",
            "iso": "VAT"
        },
        {
            "countryid": "99",
            "name": "Honduras",
            "iso": "HND"
        },
        {
            "countryid": "100",
            "name": "Hungary",
            "iso": "HUN"
        },
        {
            "countryid": "101",
            "name": "Iceland",
            "iso": "ISL"
        },
        {
            "countryid": "102",
            "name": "India",
            "iso": "IND"
        },
        {
            "countryid": "103",
            "name": "Indonesia",
            "iso": "IDN"
        },
        {
            "countryid": "104",
            "name": "Iran (Islamic Republic of)",
            "iso": "IRN"
        },
        {
            "countryid": "105",
            "name": "Iraq",
            "iso": "IRQ"
        },
        {
            "countryid": "106",
            "name": "Ireland",
            "iso": "IRL"
        },
        {
            "countryid": "107",
            "name": "Israel",
            "iso": "ISR"
        },
        {
            "countryid": "108",
            "name": "Italy",
            "iso": "ITA"
        },
        {
            "countryid": "109",
            "name": "Côte d'Ivoire",
            "iso": "CIV"
        },
        {
            "countryid": "110",
            "name": "Jamaica",
            "iso": "JAM"
        },
        {
            "countryid": "111",
            "name": "Japan",
            "iso": "JPN"
        },
        {
            "countryid": "112",
            "name": "Kazakhstan",
            "iso": "KAZ"
        },
        {
            "countryid": "113",
            "name": "Jordan",
            "iso": "JOR"
        },
        {
            "countryid": "114",
            "name": "Kenya",
            "iso": "KEN"
        },
        {
            "countryid": "115",
            "name": "Democratic People's Republic of Korea",
            "iso": "PRK"
        },
        {
            "countryid": "116",
            "name": "Republic of Korea",
            "iso": "KOR"
        },
        {
            "countryid": "117",
            "name": "Kuwait",
            "iso": "KWT"
        },
        {
            "countryid": "118",
            "name": "Kyrgyzstan",
            "iso": "KGZ"
        },
        {
            "countryid": "119",
            "name": "Lao People's Democratic Republic",
            "iso": "LAO"
        },
        {
            "countryid": "120",
            "name": "Lebanon",
            "iso": "LBN"
        },
        {
            "countryid": "121",
            "name": "Lesotho",
            "iso": "LSO"
        },
        {
            "countryid": "122",
            "name": "Latvia",
            "iso": "LVA"
        },
        {
            "countryid": "123",
            "name": "Liberia",
            "iso": "LBR"
        },
        {
            "countryid": "124",
            "name": "Libya",
            "iso": "LBY"
        },
        {
            "countryid": "125",
            "name": "Liechtenstein",
            "iso": "LIE"
        },
        {
            "countryid": "126",
            "name": "Lithuania",
            "iso": "LTU"
        },
        {
            "countryid": "127",
            "name": "Luxembourg",
            "iso": "LUX"
        },
        {
            "countryid": "128",
            "name": "China, Macao SAR",
            "iso": "MAC"
        },
        {
            "countryid": "129",
            "name": "Madagascar",
            "iso": "MDG"
        },
        {
            "countryid": "130",
            "name": "Malawi",
            "iso": "MWI"
        },
        {
            "countryid": "131",
            "name": "Malaysia",
            "iso": "MYS"
        },
        {
            "countryid": "132",
            "name": "Maldives",
            "iso": "MDV"
        },
        {
            "countryid": "133",
            "name": "Mali",
            "iso": "MLI"
        },
        {
            "countryid": "134",
            "name": "Malta",
            "iso": "MLT"
        },
        {
            "countryid": "135",
            "name": "Martinique",
            "iso": "MTQ"
        },
        {
            "countryid": "136",
            "name": "Mauritania",
            "iso": "MRT"
        },
        {
            "countryid": "137",
            "name": "Mauritius",
            "iso": "MUS"
        },
        {
            "countryid": "138",
            "name": "Mexico",
            "iso": "MEX"
        },
        {
            "countryid": "139",
            "name": "Monaco",
            "iso": "MCO"
        },
        {
            "countryid": "140",
            "name": "Mongolia",
            "iso": "MNG"
        },
        {
            "countryid": "141",
            "name": "Republic of Moldova",
            "iso": "MDA"
        },
        {
            "countryid": "142",
            "name": "Montserrat",
            "iso": "MSR"
        },
        {
            "countryid": "143",
            "name": "Morocco",
            "iso": "MAR"
        },
        {
            "countryid": "144",
            "name": "Mozambique",
            "iso": "MOZ"
        },
        {
            "countryid": "145",
            "name": "Oman",
            "iso": "OMN"
        },
        {
            "countryid": "146",
            "name": "Namibia",
            "iso": "NAM"
        },
        {
            "countryid": "147",
            "name": "Nauru",
            "iso": "NRU"
        },
        {
            "countryid": "148",
            "name": "Nepal",
            "iso": "NPL"
        },
        {
            "countryid": "149",
            "name": "Netherlands (Kingdom of the)",
            "iso": "NLD"
        },
        {
            "countryid": "151",
            "name": "Aruba",
            "iso": "ABW"
        },
        {
            "countryid": "152",
            "name": "New Caledonia",
            "iso": "NCL"
        },
        {
            "countryid": "153",
            "name": "Vanuatu",
            "iso": "VUT"
        },
        {
            "countryid": "154",
            "name": "New Zealand",
            "iso": "NZL"
        },
        {
            "countryid": "155",
            "name": "Nicaragua",
            "iso": "NIC"
        },
        {
            "countryid": "156",
            "name": "Niger",
            "iso": "NER"
        },
        {
            "countryid": "157",
            "name": "Nigeria",
            "iso": "NGA"
        },
        {
            "countryid": "158",
            "name": "Niue",
            "iso": "NIU"
        },
        {
            "countryid": "159",
            "name": "Norfolk Island",
            "iso": "NFK"
        },
        {
            "countryid": "160",
            "name": "Norway",
            "iso": "NOR"
        },
        {
            "countryid": "161",
            "name": "Northern Mariana Islands",
            "iso": "MNP"
        },
        {
            "countryid": "162",
            "name": "United States Minor Outlying Islands",
            "iso": "UMI"
        },
        {
            "countryid": "163",
            "name": "Micronesia (Federated States of)",
            "iso": "FSM"
        },
        {
            "countryid": "164",
            "name": "Marshall Islands",
            "iso": "MHL"
        },
        {
            "countryid": "165",
            "name": "Palau",
            "iso": "PLW"
        },
        {
            "countryid": "166",
            "name": "Pakistan",
            "iso": "PAK"
        },
        {
            "countryid": "167",
            "name": "Panama",
            "iso": "PAN"
        },
        {
            "countryid": "168",
            "name": "Papua New Guinea",
            "iso": "PNG"
        },
        {
            "countryid": "169",
            "name": "Paraguay",
            "iso": "PRY"
        },
        {
            "countryid": "170",
            "name": "Peru",
            "iso": "PER"
        },
        {
            "countryid": "171",
            "name": "Philippines",
            "iso": "PHL"
        },
        {
            "countryid": "172",
            "name": "Pitcairn",
            "iso": "PCN"
        },
        {
            "countryid": "173",
            "name": "Poland",
            "iso": "POL"
        },
        {
            "countryid": "174",
            "name": "Portugal",
            "iso": "PRT"
        },
        {
            "countryid": "175",
            "name": "Guinea-Bissau",
            "iso": "GNB"
        },
        {
            "countryid": "176",
            "name": "Timor-Leste",
            "iso": "TLS"
        },
        {
            "countryid": "177",
            "name": "Puerto Rico",
            "iso": "PRI"
        },
        {
            "countryid": "178",
            "name": "Qatar",
            "iso": "QAT"
        },
        {
            "countryid": "179",
            "name": "Romania",
            "iso": "ROU"
        },
        {
            "countryid": "180",
            "name": "Russian Federation",
            "iso": "RUS"
        },
        {
            "countryid": "181",
            "name": "Rwanda",
            "iso": "RWA"
        },
        {
            "countryid": "182",
            "name": "Saint Helena",
            "iso": "SHN"
        },
        {
            "countryid": "183",
            "name": "Saint Kitts and Nevis",
            "iso": "KNA"
        },
        {
            "countryid": "184",
            "name": "Anguilla",
            "iso": "AIA"
        },
        {
            "countryid": "185",
            "name": "Saint Lucia",
            "iso": "LCA"
        },
        {
            "countryid": "186",
            "name": "Saint Pierre and Miquelon",
            "iso": "SPM"
        },
        {
            "countryid": "187",
            "name": "Saint Vincent and the Grenadines",
            "iso": "VCT"
        },
        {
            "countryid": "188",
            "name": "San Marino",
            "iso": "SMR"
        },
        {
            "countryid": "189",
            "name": "Sao Tome and Principe",
            "iso": "STP"
        },
        {
            "countryid": "190",
            "name": "Saudi Arabia",
            "iso": "SAU"
        },
        {
            "countryid": "191",
            "name": "Senegal",
            "iso": "SEN"
        },
        {
            "countryid": "192",
            "name": "Seychelles",
            "iso": "SYC"
        },
        {
            "countryid": "193",
            "name": "Sierra Leone",
            "iso": "SLE"
        },
        {
            "countryid": "194",
            "name": "Singapore",
            "iso": "SGP"
        },
        {
            "countryid": "195",
            "name": "Slovakia",
            "iso": "SVK"
        },
        {
            "countryid": "196",
            "name": "Viet Nam",
            "iso": "VNM"
        },
        {
            "countryid": "197",
            "name": "Slovenia",
            "iso": "SVN"
        },
        {
            "countryid": "198",
            "name": "Somalia",
            "iso": "SOM"
        },
        {
            "countryid": "199",
            "name": "South Africa",
            "iso": "ZAF"
        },
        {
            "countryid": "200",
            "name": "Zimbabwe",
            "iso": "ZWE"
        },
        {
            "countryid": "201",
            "name": "Spain",
            "iso": "ESP"
        },
        {
            "countryid": "202",
            "name": "Western Sahara",
            "iso": "ESH"
        },
        {
            "countryid": "203",
            "name": "Sudan",
            "iso": "SDN"
        },
        {
            "countryid": "204",
            "name": "Suriname",
            "iso": "SUR"
        },
        {
            "countryid": "205",
            "name": "Svalbard and Jan Mayen Islands",
            "iso": "SJM"
        },
        {
            "countryid": "206",
            "name": "Eswatini",
            "iso": "SWZ"
        },
        {
            "countryid": "207",
            "name": "Sweden",
            "iso": "SWE"
        },
        {
            "countryid": "208",
            "name": "Switzerland",
            "iso": "CHE"
        },
        {
            "countryid": "209",
            "name": "Syrian Arab Republic",
            "iso": "SYR"
        },
        {
            "countryid": "210",
            "name": "Tajikistan",
            "iso": "TJK"
        },
        {
            "countryid": "211",
            "name": "Thailand",
            "iso": "THA"
        },
        {
            "countryid": "212",
            "name": "Togo",
            "iso": "TGO"
        },
        {
            "countryid": "213",
            "name": "Tokelau",
            "iso": "TKL"
        },
        {
            "countryid": "214",
            "name": "Tonga",
            "iso": "TON"
        },
        {
            "countryid": "215",
            "name": "Trinidad and Tobago",
            "iso": "TTO"
        },
        {
            "countryid": "216",
            "name": "United Arab Emirates",
            "iso": "ARE"
        },
        {
            "countryid": "217",
            "name": "Tunisia",
            "iso": "TUN"
        },
        {
            "countryid": "218",
            "name": "Türkiye",
            "iso": "TUR"
        },
        {
            "countryid": "219",
            "name": "Turkmenistan",
            "iso": "TKM"
        },
        {
            "countryid": "220",
            "name": "Turks and Caicos Islands",
            "iso": "TCA"
        },
        {
            "countryid": "221",
            "name": "Tuvalu",
            "iso": "TUV"
        },
        {
            "countryid": "222",
            "name": "Uganda",
            "iso": "UGA"
        },
        {
            "countryid": "223",
            "name": "Ukraine",
            "iso": "UKR"
        },
        {
            "countryid": "224",
            "name": "North Macedonia",
            "iso": "MKD"
        },
        {
            "countryid": "225",
            "name": "Egypt",
            "iso": "EGY"
        },
        {
            "countryid": "226",
            "name": "United Kingdom Of Great Britain And Northern Ireland",
            "iso": "GBR"
        },
        {
            "countryid": "227",
            "name": "United Republic of Tanzania",
            "iso": "TZA"
        },
        {
            "countryid": "228",
            "name": "United States of America",
            "iso": "USA"
        },
        {
            "countryid": "229",
            "name": "United States Virgin Islands",
            "iso": "VIR"
        },
        {
            "countryid": "230",
            "name": "Burkina Faso",
            "iso": "BFA"
        },
        {
            "countryid": "231",
            "name": "Uruguay",
            "iso": "URY"
        },
        {
            "countryid": "232",
            "name": "Uzbekistan",
            "iso": "UZB"
        },
        {
            "countryid": "233",
            "name": "Venezuela (Bolivarian Republic of)",
            "iso": "VEN"
        },
        {
            "countryid": "234",
            "name": "Wallis and Futuna Islands",
            "iso": "WLF"
        },
        {
            "countryid": "235",
            "name": "Samoa",
            "iso": "WSM"
        },
        {
            "countryid": "236",
            "name": "Yemen",
            "iso": "YEM"
        },
        {
            "countryid": "237",
            "name": "Serbia",
            "iso": "SRB"
        },
        {
            "countryid": "238",
            "name": "Zambia",
            "iso": "ZMB"
        },
        {
            "countryid": "241",
            "name": "South Sudan",
            "iso": "SSD"
        },
        {
            "countryid": "242",
            "name": "Montenegro",
            "iso": "MNE"
        },
        {
            "countryid": "243",
            "name": "Réunion",
            "iso": "REU"
        },
        {
            "countryid": "244",
            "name": "Åland Islands",
            "iso": "ALA"
        },
        {
            "countryid": "245",
            "name": "Bonaire, Sint Eustatius and Saba",
            "iso": "BES"
        },
        {
            "countryid": "246",
            "name": "China, Hong Kong SAR",
            "iso": "HKG"
        },
        {
            "countryid": "247",
            "name": "Curaçao",
            "iso": "CUW"
        },
        {
            "countryid": "248",
            "name": "Guernsey",
            "iso": "GGY"
        },
        {
            "countryid": "249",
            "name": "Isle of Man",
            "iso": "IMN"
        },
        {
            "countryid": "250",
            "name": "Sint Maarten (Dutch part)",
            "iso": "SXM"
        },
        {
            "countryid": "251",
            "name": "Sark",
            "iso": "XSQ"
        },
        {
            "countryid": "252",
            "name": "Saint Martin (French Part)",
            "iso": "MAF"
        },
        {
            "countryid": "253",
            "name": "Saint Barthélemy",
            "iso": "BLM"
        },
        {
            "countryid": "254",
            "name": "Jersey",
            "iso": "JEY"
        }
    ]
}
